{
  "var_1d_95": 6319.947044609022,
  "var_1d_99": 9087.73099664385,
  "var_10d_99": 28479.82784066851,
  "expected_shortfall": 7834.931017456821,
  "max_drawdown": 0.26724094910230495,
  "volatility": 0.4445519014959176,
  "correlation_matrix": {
    "BTC/USD": {
      "BTC/USD": 1.0,
      "ETH/USD": -0.028228698810992103,
      "SOL/USD": 0.01982875278858492,
      "BNB/USD": 0.027366405177044865
    },
    "ETH/USD": {
      "BTC/USD": -0.028228698810992103,
      "ETH/USD": 1.0,
      "SOL/USD": -0.014428959234928892,
      "BNB/USD": -0.011211484280944277
    },
    "SOL/USD": {
      "BTC/USD": 0.01982875278858492,
      "ETH/USD": -0.014428959234928892,
      "SOL/USD": 1.0,
      "BNB/USD": 0.03270136640230757
    },
    "BNB/USD": {
      "BTC/USD": 0.027366405177044865,
      "ETH/USD": -0.011211484280944277,
      "SOL/USD": 0.03270136640230757,
      "BNB/USD": 1.0
    }
  },
  "stress_test_results": {
    "Market Crash": 33.98073973069712,
    "Tech Selloff": 19.451167547298446,
    "Crypto Bull Run": -60.99369354013976,
    "BTC Dominance Rise": -9.975285495142321,
    "Altcoin Season": -16.597068348389296,
    "Regulatory Crackdown": 23.845236066132607
  }
}